Yorum,Derecelendirme,Tarih
Ã‡ok kullanÄ±ÅŸlÄ± ve faydalÄ± bir paylaÅŸÄ±m sitesiğŸ‘,5,2023-07-18 07:51:03
Bu uygulamayÄ± tercih ediyorum,1,2023-07-18 07:50:56
Neden 2-3 dakikalÄ±k videoyu paylaÅŸamÄ±yoruz ki Olmuyor Olmuyor Olmuyor Instagram'dan Ã§ok sÄ±kÄ±ldÄ±m,1,2023-07-18 07:47:08
Bir yÄ±ldÄ±zÄ± bile zor hakediyorsunuz iÄŸrenÃ§ iÃ§erikleri gÃ¶sterip milletin yediÄŸi iÃ§tiÄŸi pislikleri gÃ¶stermelerine izin veriyorsunuz bir iÅŸe yaramayan instagram hiÃ§ bir ÅŸeye katkÄ±nÄ±z yok ÃœnlÃ¼ Ã¼nsÃ¼z kiÅŸilerin mide bulandÄ±rÄ±cÄ± fotoÄŸraflarÄ±nÄ± gÃ¶rmek zorunda deÄŸiliz,1,2023-07-18 07:33:44
Notlara mÃ¼zik ekliyemiyorum Ã§ok saÃ§ma deÄŸil mi,1,2023-07-18 07:27:18
Bir yÄ±ldÄ±zÄ± hak etmiyor hakkÄ±m haram olsun boÅŸ yere hesabÄ±m askÄ±ya alÄ±ndÄ± ve telefonum yok numara istiyor giremiyorum ahlaksÄ±z namussuzlar hakkÄ±m haram zÄ±kkÄ±m olsun,1,2023-07-18 06:25:46
Muk,5,2023-07-18 05:24:28
Sizin yapacaÄŸÄ±nÄ±z uygulamaya.. kÃ¼fÃ¼rlÃ¼ kavga Ã§Ä±karÄ±yoruz diye hemen topluluk ihlali sizene olm delirtmeyin adamÄ±. Bu arkadaÅŸ ile benim aramda olan bir ÅŸey. Hadi bide gerÃ§ek hayatta yapalÄ±m nasÄ±l izlersiniz.,2,2023-07-18 05:15:09
Ä°yi,2,2023-07-18 04:45:19
Pokox3 nfc cihazÄ±nda akÄ±ÅŸta gÃ¶rÃ¼ntÃ¼ler yÃ¼klenemiyor,1,2023-07-18 04:36:58
Bende beÄŸeni sayÄ±sÄ± gÃ¶zÃ¼kmÃ¼yo ve Instagrama gelen gÃ¼ncellemeler bende olmuyo,2,2023-07-18 04:24:28
â¤ï¸â¤ï¸,5,2023-07-18 03:41:46
TÄ°K TOKTAN 1000000 KAT DAHA Ä°YÄ° ğŸ’œğŸ”¥,5,2023-07-18 03:10:30
Ø¹Ø§Ù„ÛŒ,5,2023-07-18 03:03:42
MÃ¼p,5,2023-07-18 02:54:11
hala eski surumu kullanÄ±yorum kac kere guncellememe ragmen silip yuklememe ragmen hala yeni surume gecemedim,3,2023-07-18 02:51:43
"Redmi Note 11 pro kullanÄ±yorum, reels larda donma sorunu var. Telefonumun Ã¶zellikleri fazlasÄ±yla yeterli. DiÄŸer uygulamalarda bÃ¶yle bir sorun yaÅŸamÄ±yorum.",1,2023-07-18 02:16:51
Mavi tikim gelmedi . Onay istiyorum .,5,2023-07-18 02:15:02
Son gÃ¼ncelleme rezalet... Eskiden yorum yazarken alt alta tÃ¼m yazdÄ±klarÄ±nÄ±zÄ± gÃ¶rÃ¼r ve enter'a basardÄ±nÄ±z. Åimdi yazdÄ±ÄŸÄ±nÄ±z metni bÃ¼tÃ¼n olarak goremiyosunuz.kelimeler gizlene gizlene yaziliyor. Ne yazdÄ±ÄŸÄ±nÄ±zÄ± bÃ¼tÃ¼n olarak gÃ¶remiyorsunuz. SakÄ±n gÃ¼ncellemeyin.ayrica Ã‡ok kÃ¶tÃ¼ bir uygulama bir yorum yaptÄ±nÄ±z yanlÄ±ÅŸ gitti Metin dÃ¼zenleme yok.. o yorumu silip yeni baÅŸtan yapmalÄ±sÄ±nÄ±z ki kim uÄŸraÅŸacak. Bir de uygulama bÃ¶lÃ¼nmÃ¼ÅŸ ekranlarÄ± desteklemeli..,1,2023-07-18 02:02:46
HakkÄ±mÄ± helal etmiyorum. HesabÄ±ma o kadar emek verdim ve hesabÄ±mÄ± kapattÄ±nÄ±z.,1,2023-07-18 02:01:22
Ä°nstagram eÅŸittir sÃ¼rekli saÃ§malamak.,1,2023-07-18 01:54:59
Ok,5,2023-07-18 01:50:57
UygulamayÄ± gÃ¼ncellememe raÄŸmen hala daha notlar kÄ±smÄ± dÃ¼zelmedi mÃ¼zik ekleyemiyorum defalarca sorun bildirdim yine dÃ¼zelme yok sinirim bozuluyor artÄ±k lÃ¼tfen bu sorunu dÃ¼zeltin,1,2023-07-18 01:50:30
Yooookk,5,2023-07-18 01:45:38
Cox gozel bir proqram her zeheti iyle tavsiye ederim,5,2023-07-18 01:42:01
Instagram gÃ¼zel amaabim,4,2023-07-18 01:37:35
Wery good,5,2023-07-18 01:26:09
Takip ettiÄŸiniz kiÅŸiler bitince listeyi tekrardan baÅŸa sarÄ±yor,5,2023-07-18 01:18:38
Neden instegram askÄ±ya alÄ±nÄ±yor ikide bir ya bu ne gerÃ§ekten ÅŸikayetÃ§iyim,2,2023-07-18 01:11:26
Instigram an itibari ile Ã§Ã¶kmÃ¼ÅŸtÃ¼r ve sahipsiz kalmÄ±ÅŸtÄ±r hesabÄ± Ã¶zel yapamÄ±yorsun iÅŸletme yapamÄ±yorsun Ã§akÄ±ldÄ± kali Ã¶ylece,5,2023-07-18 01:10:59
MÃ¼q,5,2023-07-18 01:04:34
Ã‡ok iyi indirin,5,2023-07-18 01:02:57
GÃ¶rÃ¼n diye yazÄ±yorum instagramim gÃ¼ncel deÄŸil messenger simgesi yok dm de lÃ¼tfen gÃ¼ncelleyin hesabÄ±mÄ±,5,2023-07-18 00:54:26
MÃ¼kemmel,5,2023-07-18 00:51:43
Superrr.,5,2023-07-18 00:45:32
Evet Ã§ok gÃ¼zel bir uygulama sizde tavsiye ederim hemen indirin bakÄ±n,5,2023-07-18 00:45:31
uygulamaya video dÃ¼zenle ekranÄ± koymuÅŸlar video dÃ¼zenlerken yazÄ± ve mÃ¼zik ekledikten sonra donuyor ve asla o videoyu paylaÅŸamiyorum sorun sadece bende mi oluyor bilmiyorum ama bunun bÄ± Ã§Ã¶zÃ¼mÃ¼ yok mu,1,2023-07-18 00:42:39
Cok iyi,5,2023-07-18 00:42:23
Yarragima benziyor,5,2023-07-18 00:38:51
Tek kelime mÃ¼k,5,2023-07-18 00:32:30
Ã‡ok gÃ¼zel bir uygulama can sÄ±kÄ±ntÄ±sÄ±na birebir Ã§Ã¶zÃ¼m,5,2023-07-18 00:31:37
Bir hesabÄ±mda Pp bÃ¼yÃ¼tme Ã¶zelliÄŸi varken diÄŸer hesabÄ±mda yok bunu nasÄ±l Ã§Ã¶zebilirim,3,2023-07-18 00:28:24
1 Ã§Ã¼nkÃ¼ neden olmasin,1,2023-07-18 00:24:26
Ã‡ok iyi tafsiye ederim,5,2023-07-18 00:21:04
MÃ¼kemmel bir sosyal medya hesabÄ±,5,2023-07-18 00:08:56
Ya ÅŸu reels izlerken neden reklam geliyor Ã§ok saÃ§ma bu sorum Ã§Ã¶zÃ¼lmezse uygulamayÄ±n sileceÄŸim maalesef,3,2023-07-18 00:07:18
Baya iyi bir uygulama,5,2023-07-18 00:04:27
Mujkkkk abi cidden,5,2023-07-18 00:03:43
MÃ¼kemmel,5,2023-07-18 00:02:53
I can't get into Instagram.,1,2023-07-18 00:01:52
Instagramda sorun var her ÅŸey bir birine qarisiyor mesajlar yok oluyor,1,2023-07-17 23:52:48
Uygulamaya girmiyor hemen atÄ±yor dÃ¼zeltilmesi lazim,1,2023-07-17 23:47:39
Eyyyy,3,2023-07-17 23:45:22
Ã‡ok gÃ¼zel bir uygulama,5,2023-07-17 23:44:14
Ya bune saÃ§ma bi uygulamaya dÃ¶ndÃ¼ hesabÄ±mdan beni atÄ±yo? Aptal.aptal iÅŸler yapmayin,1,2023-07-17 23:43:33
Ã‡ok gÃ¼zel,5,2023-07-17 23:40:06
Merhaba hesabim askiya alindi diyor nedeni ne olabilir kime ulasmaliyim bilgi almak icin,5,2023-07-17 23:24:52
ğŸ‘ğŸ‘ğŸ‘ğŸ‘âœ…â¤ï¸,5,2023-07-17 23:21:32
Hesaba giremiyorum kodu SMS olarak gonderiyor ama nereye yazicam sÃ¶ylemiyor lÃ¼tfen sÃ¶yler misiniz kodu nereye yazicam.,2,2023-07-17 23:15:39
Uygulama gÃ¼zel ama bir sorun var reels sekmem gÃ¶zÃ¼kmÃ¼yor yoksa uygulama gÃ¼zel,3,2023-07-17 23:13:16
Eskiden videolarÄ± telefona indirebiliyorduk ÅŸimdi olmuyor sÄ±rf bu yÃ¼zden sileceÄŸim ve kullanmayacaÄŸÄ±m artÄ±k ğŸ˜¡,1,2023-07-17 23:10:01
Ä°yi,5,2023-07-17 23:09:16
MÃ¼kemmel Bir Sosyal Medya UygulamasÄ±.,5,2023-07-17 23:07:57
KeÅŸfet iÃ§in 5 yÄ±ldÄ±z,5,2023-07-17 23:07:43
Resim bÃ¼yÃ¼mÃ¼yor,1,2023-07-17 23:06:05
Mohtesem,5,2023-07-17 23:01:31
â¤ï¸â€ğŸ©¹,5,2023-07-17 22:53:37
Ä°yimiÅŸğŸ˜…,5,2023-07-17 22:46:50
Muqqq,5,2023-07-17 22:43:05
Guzell,5,2023-07-17 22:39:01
androidde instagram mi kullanilir amk,1,2023-07-17 22:36:00
Ä°yice sinir bozmaya baÅŸlayan bir uygulama olmaya baÅŸladÄ± ÅŸimdide reel videolarÄ±n altÄ±na ilgileniyorum ilgilenmiyorum Ã§Ä±kmÄ±ÅŸ bunlarÄ± yapana kadar insanlarÄ±n yazdÄ±klarÄ±nÄ± okuyun yine gÃ¼ncelleme yine berbat videom ekrana yapÄ±ÅŸtÄ± video paylaÅŸÄ±lamÄ±yor diye karÅŸÄ±mda LÃœTFEN Ä°ÅÄ°NÄ°ZÄ° DÃœZGÃœN YAPIN,1,2023-07-17 22:32:18
En beÄŸendiÄŸim en kaliteli sosyal medya,5,2023-07-17 22:23:19
Ä°yi,5,2023-07-17 22:21:22
Cok gereksiz tanitimlar yapiliyor,1,2023-07-17 22:08:39
@rap_2easy,5,2023-07-17 22:08:22
Berbat,1,2023-07-17 22:06:13
Ã‡ok iyiiii,5,2023-07-17 22:03:48
Ã‡ok gÃ¼zel Ä°yi bir paylaÅŸÄ±m yeri,5,2023-07-17 22:03:12
Banane amk,1,2023-07-17 22:02:33
Ã§ok gÃ¼zel ama editlerimi kimse gÃ¶rmÃ¼yo yani keÅŸfete dÃ¼ÅŸmÃ¼yor,5,2023-07-17 21:51:48
ğŸ˜„,5,2023-07-17 21:49:30
Azerbaycan Resbulikasi Quba Rayon,5,2023-07-17 21:48:59
Ã‡ok kÄ±z var hepsi orc aq egolu puanÄ±m 1,1,2023-07-17 21:47:50
Ã‡ok finiÅŸ,5,2023-07-17 21:40:37
2 gÃ¼ndÃ¼r hesabÄ±mda hiÃ§ bir aktivite yapamÄ±yorum,1,2023-07-17 21:39:29
HikÃ¢ye attÄ±m ne yÃ¼kleniyor ne siliniyor ne yapacaÄŸÄ±m uzun sÃ¼redir bÃ¶yle acil bÄ± Ã§Ã¶zÃ¼m istiyorum,1,2023-07-17 21:38:16
Reklamlar istediÄŸimiz seviyeye ulaÅŸmÄ±yor,1,2023-07-17 21:33:00
Harika bir uygulama herkese hayÄ±rlÄ± akÅŸamlar diliyorum,5,2023-07-17 21:29:44
Ã‡Ok iyiii,5,2023-07-17 21:28:52
Ä°yi,5,2023-07-17 21:28:23
Ã‡ok iyi sakÄ±n kaÃ§Ä±rmayÄ±n oooooooooooo,5,2023-07-17 21:28:21
GÃ¼zel bir oyutu mevcuttur.,5,2023-07-17 21:21:29
5 yildiz,5,2023-07-17 21:20:11
MÃ¼k,5,2023-07-17 21:17:31
AÃ§Ä±kÃ§asÄ± son zamanlarda attÄ±ÄŸÄ±m bazÄ± storylerin arka plan mÃ¼zikleri aÃ§Ä±lmadÄ±ÄŸÄ±nÄ± farkettim umarÄ±m bir an Ã¶nce dÃ¼zeltilir,4,2023-07-17 21:14:40
Her seferinde mesaj gonderimin topluluk kurallarÄ± tarafindan kisitlaniyor bir sey yapmamama raÄŸmen,1,2023-07-17 21:13:37
VideolarÄ± Ã§ok gÃ¼zel,5,2023-07-17 21:09:52
Neden sÄ±kÄ±ntÄ± Ã§Ä±kÄ±yor beyenemiuorm takipten Ã§Ä±kamÄ±yorum takip edemiyorum uygula redediyo,5,2023-07-17 21:07:49
Mq,5,2023-07-17 21:06:07
